{
    "hum": 240.0,
    "tem": 350.0,
    "aco": [27.5700700786, 27.7746005137, 28.1779100839, 28.5495266537],
    "serialno": "DBASTATION1",
    "lum": [11.379199999999997, 2368, 1344],
    "gps": [37.179715, -3.6088233333333335]
}
